class_idx,label,test_samples,correct,accuracy
0,adjectives::alive,2,2,1.0
1,adjectives::bad,3,3,1.0
2,adjectives::beautiful,2,2,1.0
3,adjectives::big large,3,3,1.0
4,adjectives::blind,2,2,1.0
5,adjectives::cheap,1,1,1.0
6,adjectives::clean,1,1,1.0
7,adjectives::cold,3,2,0.6666666666666666
8,adjectives::cool,3,3,1.0
9,adjectives::curved,2,2,1.0
10,adjectives::dead,2,2,1.0
11,adjectives::deaf,1,1,1.0
12,adjectives::deep,1,1,1.0
13,adjectives::dirty,1,1,1.0
14,adjectives::dry,3,3,1.0
15,adjectives::expensive,1,1,1.0
16,adjectives::famous,1,1,1.0
17,adjectives::fast,3,3,1.0
18,adjectives::female,1,1,1.0
19,adjectives::flat,1,1,1.0
20,adjectives::good,3,3,1.0
21,adjectives::happy,3,3,1.0
22,adjectives::hard,1,1,1.0
23,adjectives::healthy,3,3,1.0
24,adjectives::heavy,2,2,1.0
25,adjectives::high,1,1,1.0
26,adjectives::hot,3,3,1.0
27,adjectives::light,1,1,1.0
28,adjectives::long,3,3,1.0
29,adjectives::loose,1,1,1.0
30,adjectives::loud,3,3,1.0
31,adjectives::low,1,1,1.0
32,adjectives::male,1,1,1.0
33,adjectives::mean,1,1,1.0
34,adjectives::narrow,3,3,1.0
35,adjectives::new,3,3,1.0
36,adjectives::nice,1,1,1.0
37,adjectives::old,3,3,1.0
38,adjectives::poor,1,1,1.0
39,adjectives::quiet,3,3,1.0
40,adjectives::rich,1,1,1.0
41,adjectives::sad,1,1,1.0
42,adjectives::shallow,2,2,1.0
43,adjectives::short,4,4,1.0
44,adjectives::sick,3,3,1.0
45,adjectives::slow,3,3,1.0
46,adjectives::small little,4,4,1.0
47,adjectives::soft,1,1,1.0
48,adjectives::strong,2,2,1.0
49,adjectives::tall,3,3,1.0
50,adjectives::thick,1,1,1.0
51,adjectives::thin,1,1,1.0
52,adjectives::tight,1,1,1.0
53,adjectives::ugly,1,1,1.0
54,adjectives::warm,3,3,1.0
55,adjectives::weak,1,1,1.0
56,adjectives::wet,3,2,0.6666666666666666
57,adjectives::wide,3,3,1.0
58,adjectives::young,3,3,1.0
59,animals::animal,3,3,1.0
60,animals::bird,4,4,1.0
61,animals::cat,3,3,1.0
62,animals::cow,3,3,1.0
63,animals::dog,3,3,1.0
64,animals::fish,3,3,1.0
65,animals::horse,3,2,0.6666666666666666
66,animals::mouse,3,3,1.0
67,clothes::clothing,3,1,0.3333333333333333
68,clothes::dress,3,2,0.6666666666666666
69,clothes::hat,3,3,1.0
70,clothes::pant,3,2,0.6666666666666666
71,clothes::pocket,3,3,1.0
72,clothes::shirt,3,3,1.0
73,clothes::shoes,3,3,1.0
74,clothes::skirt,3,2,0.6666666666666666
75,clothes::suit,3,3,1.0
76,clothes::t-shirt,3,3,1.0
77,colours::black,3,3,1.0
78,colours::blue,3,2,0.6666666666666666
79,colours::brown,3,3,1.0
80,colours::colour,3,3,1.0
81,colours::green,3,3,1.0
82,colours::grey,3,3,1.0
83,colours::orange,3,3,1.0
84,colours::pink,3,3,1.0
85,colours::red,3,3,1.0
86,colours::white,3,0,0.0
87,colours::yellow,3,2,0.6666666666666666
88,days and time::afternoon,2,2,1.0
89,days and time::evening,2,2,1.0
90,days and time::friday,2,2,1.0
91,days and time::hour,2,2,1.0
92,days and time::minute,2,2,1.0
93,days and time::monday,2,2,1.0
94,days and time::month,2,2,1.0
95,days and time::morning,2,2,1.0
96,days and time::night,3,3,1.0
97,days and time::saturday,2,2,1.0
98,days and time::second,3,2,0.6666666666666666
99,days and time::sunday,2,2,1.0
100,days and time::thursday,2,2,1.0
101,days and time::time,3,3,1.0
102,days and time::today,2,2,1.0
103,days and time::tomorrow,2,2,1.0
104,days and time::tuesday,2,2,1.0
105,days and time::wednesday,2,2,1.0
106,days and time::week,2,2,1.0
107,days and time::year,3,3,1.0
108,days and time::yesterday,2,2,1.0
109,electronics::camera,2,2,1.0
110,electronics::cell phone,2,2,1.0
111,electronics::clock,2,2,1.0
112,electronics::computer,2,2,1.0
113,electronics::fan,3,3,1.0
114,electronics::lamp,2,2,1.0
115,electronics::laptop,2,2,1.0
116,electronics::radio,2,2,1.0
117,electronics::screen,2,2,1.0
118,electronics::television,2,2,1.0
119,greetings::alright,3,3,1.0
120,greetings::good afternoon,4,4,1.0
121,greetings::good evening,3,2,0.6666666666666666
122,greetings::good morning,3,3,1.0
123,greetings::good night,3,3,1.0
124,greetings::hello,3,3,1.0
125,greetings::how are you,3,3,1.0
126,greetings::pleased,3,3,1.0
127,greetings::thank you,3,3,1.0
128,home::bag,2,2,1.0
129,home::bathroom,2,2,1.0
130,home::bed,2,2,1.0
131,home::bedroom,2,2,1.0
132,home::book,2,1,0.5
133,home::box,2,2,1.0
134,home::card,2,2,1.0
135,home::chair,2,2,1.0
136,home::door,2,2,1.0
137,home::dream,2,2,1.0
138,home::gift,2,2,1.0
139,home::key,2,2,1.0
140,home::kitchen,2,1,0.5
141,home::letter,2,2,1.0
142,home::lock,2,2,1.0
143,home::page,2,2,1.0
144,home::paint,3,2,0.6666666666666666
145,home::paper,2,2,1.0
146,home::pen,2,2,1.0
147,home::pencil,2,2,1.0
148,home::photograph,2,2,1.0
149,home::ring,2,0,0.0
150,home::soap,2,2,1.0
151,home::table,2,2,1.0
152,home::telephone,2,2,1.0
153,home::tool,2,2,1.0
154,home::window,2,2,1.0
155,jobs::actor,2,2,1.0
156,jobs::artist,2,2,1.0
157,jobs::author,2,2,1.0
158,jobs::doctor,2,2,1.0
159,jobs::job,2,2,1.0
160,jobs::lawyer,2,1,0.5
161,jobs::manager,2,2,1.0
162,jobs::patient,2,2,1.0
163,jobs::police,2,2,1.0
164,jobs::priest,3,3,1.0
165,jobs::reporter,2,2,1.0
166,jobs::secretary,2,2,1.0
167,jobs::soldier,2,2,1.0
168,jobs::student,2,2,1.0
169,jobs::teacher,2,2,1.0
170,jobs::waiter,2,2,1.0
171,means of transportation::bicycle,3,3,1.0
172,means of transportation::boat,3,2,0.6666666666666666
173,means of transportation::bus,3,3,1.0
174,means of transportation::car,3,3,1.0
175,means of transportation::plane,3,3,1.0
176,means of transportation::train,3,3,1.0
177,means of transportation::train ticket,3,3,1.0
178,means of transportation::transportation,3,3,1.0
179,means of transportation::truck,3,3,1.0
180,people::adult,3,3,1.0
181,people::baby,3,3,1.0
182,people::boy,3,3,1.0
183,people::brother,3,3,1.0
184,people::child,3,3,1.0
185,people::crowd,3,3,1.0
186,people::daughter,3,3,1.0
187,people::family,3,3,1.0
188,people::father,3,3,1.0
189,people::friend,3,3,1.0
190,people::girl,3,3,1.0
191,people::grandfather,3,2,0.6666666666666666
192,people::grandmother,3,3,1.0
193,people::husband,3,3,1.0
194,people::king,3,3,1.0
195,people::man,3,3,1.0
196,people::mother,3,3,1.0
197,people::neighbour,3,3,1.0
198,people::parent,3,3,1.0
199,people::player,3,3,1.0
200,people::president,3,3,1.0
201,people::queen,3,3,1.0
202,people::sister,3,3,1.0
203,people::son,3,3,1.0
204,people::wife,3,3,1.0
205,people::woman,3,1,0.3333333333333333
206,places::bank,4,4,1.0
207,places::city,3,3,1.0
208,places::court,4,4,1.0
209,places::ground,3,3,1.0
210,places::hospital,3,3,1.0
211,places::house,3,3,1.0
212,places::india,3,3,1.0
213,places::library,3,3,1.0
214,places::location,4,4,1.0
215,places::market,3,3,1.0
216,places::office,3,3,1.0
217,places::park,4,4,1.0
218,places::restaurant,3,3,1.0
219,places::school,3,3,1.0
220,places::store or shop,4,4,1.0
221,places::street or road,3,3,1.0
222,places::temple,3,3,1.0
223,places::train station,4,4,1.0
224,places::university,3,3,1.0
225,pronouns::he,3,3,1.0
226,pronouns::i,3,1,0.3333333333333333
227,pronouns::it,3,3,1.0
228,pronouns::she,3,3,1.0
229,pronouns::they,3,3,1.0
230,pronouns::we,3,3,1.0
231,pronouns::you,3,2,0.6666666666666666
232,pronouns::you (plural),3,3,1.0
233,seasons::ex. monsoon,2,2,1.0
234,seasons::fall,3,2,0.6666666666666666
235,seasons::season,2,2,1.0
236,seasons::spring,2,2,1.0
237,seasons::summer,2,2,1.0
238,seasons::winter,2,2,1.0
239,society::attack,3,3,1.0
240,society::ball,3,3,1.0
241,society::bill,2,2,1.0
242,society::death,2,2,1.0
243,society::election,2,2,1.0
244,society::energy,2,2,1.0
245,society::exercise,2,2,1.0
246,society::god,2,2,1.0
247,society::gun,2,2,1.0
248,society::marriage,2,2,1.0
249,society::medicine,2,2,1.0
250,society::money,2,2,1.0
251,society::newspaper,2,1,0.5
252,society::peace,2,2,1.0
253,society::price,2,2,1.0
254,society::race (ethnicity),2,2,1.0
255,society::religion,2,2,1.0
256,society::science,2,2,1.0
257,society::sign,2,1,0.5
258,society::sport,2,2,1.0
259,society::team,2,2,1.0
260,society::technology,2,2,1.0
261,society::war,2,2,1.0
